id,FirstName,LastName,UserName,Email,Avatar,Gender,DoB,Address
2731,Mark,Erdman,mark.erdman,mark.erdman@email.com,https://robohash.org/inutconsequuntur.png?size=300x300&set=set1,Bigender,1996-06-01,"West Abram,Trantow Dale,13963 Sawayn Shores,14594,New Mexico,United States"
8619,Tim,Goyette,tim.goyette,tim.goyette@email.com,https://robohash.org/consequatursuntatque.png?size=300x300&set=set1,Non-binary,1970-06-09,"Port Melania,Littel Ridges,6441 Wolff Manor,67487,Connecticut,United States"
3734,Josette,Gislason,josette.gislason,josette.gislason@email.com,https://robohash.org/velitquidemillum.png?size=300x300&set=set1,Male,1996-08-29,"Joseffort,Cleveland Extensions,776 Kris Well,23793-8016,Pennsylvania,United States"
8873,Diamond,Kozey,diamond.kozey,diamond.kozey@email.com,https://robohash.org/minimasuntaliquid.png?size=300x300&set=set1,Non-binary,1970-04-23,"Port Juana,Prohaska Harbor,34747 Oberbrunner Prairie,74332,Wisconsin,United States"
6450,Fred,Gorczany,fred.gorczany,fred.gorczany@email.com,https://robohash.org/quidoloresea.png?size=300x300&set=set1,Genderqueer,1979-04-17,"East Valentine,McKenzie Heights,371 Major Lock,87534-7828,Iowa,United States"
8104,Chan,Rice,chan.rice,chan.rice@email.com,https://robohash.org/quivelitsint.png?size=300x300&set=set1,Agender,1981-10-08,"Lake Harris,Zboncak Stream,9666 Mraz Island,55916,South Carolina,United States"
9074,Phillip,Ruecker,phillip.ruecker,phillip.ruecker@email.com,https://robohash.org/ducimusquosrerum.png?size=300x300&set=set1,Bigender,1970-05-03,"Alethastad,Fay Gardens,4179 Sipes Vista,61350-5527,Nevada,United States"
9918,Nia,Upton,nia.upton,nia.upton@email.com,https://robohash.org/voluptatibusrepellataut.png?size=300x300&set=set1,Female,1975-08-28,"Leonardotown,Corkery Extension,936 Stracke Highway,52086,Alabama,United States"
6237,Peter,Heidenreich,peter.heidenreich,peter.heidenreich@email.com,https://robohash.org/oditdictaquia.png?size=300x300&set=set1,Genderfluid,2000-05-03,"North Trentonberg,Toy Corners,8756 Joaquina Squares,55564-3157,Virginia,United States"
4010,Sherry,Considine,sherry.considine,sherry.considine@email.com,https://robohash.org/autemidaccusantium.png?size=300x300&set=set1,Polygender,1989-12-16,"New Linnea,Antony Falls,5435 Homenick Pass,44497-8975,North Carolina,United States"
9051,Mendy,Rice,mendy.rice,mendy.rice@email.com,https://robohash.org/repellendusvoluptatealiquam.png?size=300x300&set=set1,Agender,1991-11-15,"Clydeport,Walsh Landing,16702 Pfeffer Alley,51131-5762,Alaska,United States"
7140,Jefferey,Reinger,jefferey.reinger,jefferey.reinger@email.com,https://robohash.org/etminimasit.png?size=300x300&set=set1,Agender,2001-09-09,"Sanfordshire,Eusebio Crescent,7711 Hiedi Mountain,87593,Oregon,United States"
7169,Hilary,Breitenberg,hilary.breitenberg,hilary.breitenberg@email.com,https://robohash.org/ducimusreprehenderititaque.png?size=300x300&set=set1,Non-binary,1961-03-15,"Port Wally,Noel Union,40667 Clora Knolls,82674-4967,West Virginia,United States"
3830,Magaly,Schmitt,magaly.schmitt,magaly.schmitt@email.com,https://robohash.org/doloremaximedolorem.png?size=300x300&set=set1,Bigender,2003-10-30,"Port Arnoldoville,Quigley Junctions,5924 Catherine Parks,68648,New Mexico,United States"
143,Jessi,Larson,jessi.larson,jessi.larson@email.com,https://robohash.org/minusofficiisvoluptatum.png?size=300x300&set=set1,Female,1978-04-17,"Heaneyton,Miller Square,568 Daugherty Parks,30794,Minnesota,United States"
4243,Celestine,Bahringer,celestine.bahringer,celestine.bahringer@email.com,https://robohash.org/voluptatemaliquamquibusdam.png?size=300x300&set=set1,Polygender,1980-09-14,"West Hildegardberg,Willis Run,55152 Ernser Light,47731,Ohio,United States"
4007,Mathew,Casper,mathew.casper,mathew.casper@email.com,https://robohash.org/oditsitid.png?size=300x300&set=set1,Polygender,1964-03-06,"Carleyshire,O'Connell Burgs,604 Hodkiewicz Corners,06334-8420,Michigan,United States"
1005,Bonny,Willms,bonny.willms,bonny.willms@email.com,https://robohash.org/harumfugaconsequatur.png?size=300x300&set=set1,Male,1983-11-03,"South Tabetha,Raul Greens,4865 Cummings Rue,23737,Kentucky,United States"
8354,Sallie,Reynolds,sallie.reynolds,sallie.reynolds@email.com,https://robohash.org/omnisvoluptatemdolore.png?size=300x300&set=set1,Agender,2003-01-08,"McKenzieberg,Willian Summit,53757 Marvin Pike,72272,Alaska,United States"
4855,Gerard,Deckow,gerard.deckow,gerard.deckow@email.com,https://robohash.org/totamofficialabore.png?size=300x300&set=set1,Genderqueer,1972-05-13,"West Mozellburgh,Waelchi Villages,86111 Jorge Stream,48058-1250,Minnesota,United States"
2953,Francis,Boyle,francis.boyle,francis.boyle@email.com,https://robohash.org/quiadolorsed.png?size=300x300&set=set1,Agender,1977-07-01,"Lake Asuncionfurt,Jenny Greens,92139 Hermiston Crossroad,82224-6285,Georgia,United States"
9473,Stefany,Schinner,stefany.schinner,stefany.schinner@email.com,https://robohash.org/quidignissimospariatur.png?size=300x300&set=set1,Polygender,1996-09-26,"Gulgowskiburgh,Hartmann Roads,8544 Bailey Knoll,26349,Missouri,United States"
2715,Dominique,Kreiger,dominique.kreiger,dominique.kreiger@email.com,https://robohash.org/providentvoluptatemillum.png?size=300x300&set=set1,Non-binary,1983-06-25,"East Helena,Kerluke Stravenue,6609 Kirby Forks,32696,Utah,United States"
3862,Hallie,Haley,hallie.haley,hallie.haley@email.com,https://robohash.org/praesentiumvoluptatemsuscipit.png?size=300x300&set=set1,Bigender,1994-04-09,"New Shannonfort,Okuneva Village,68328 Stiedemann Spring,26634,New Hampshire,United States"
1497,Miquel,Lehner,miquel.lehner,miquel.lehner@email.com,https://robohash.org/praesentiumrationeminus.png?size=300x300&set=set1,Female,1992-07-09,"South Johnathon,Carrol Pine,207 Waylon Branch,24145,Wyoming,United States"
3383,Hallie,Parker,hallie.parker,hallie.parker@email.com,https://robohash.org/etbeataevoluptatem.png?size=300x300&set=set1,Female,1988-06-20,"North Domitila,Caron Squares,5245 Kertzmann Fort,24898-4129,Montana,United States"
2792,Laurence,McClure,laurence.mcclure,laurence.mcclure@email.com,https://robohash.org/iustoexpeditaut.png?size=300x300&set=set1,Agender,2004-03-09,"Lake Erin,Mechelle Canyon,77792 Dirk Fort,57863,Colorado,United States"
4852,Lissa,Waters,lissa.waters,lissa.waters@email.com,https://robohash.org/autemutsimilique.png?size=300x300&set=set1,Agender,1968-10-01,"West Brian,Zachariah Island,4256 Roob Harbor,64808,Wisconsin,United States"
5104,Erich,Carter,erich.carter,erich.carter@email.com,https://robohash.org/eumhicid.png?size=300x300&set=set1,Non-binary,1991-11-13,"North Rosena,Velvet Stream,3009 Rolfson Plaza,80263-2662,Arizona,United States"
44,Issac,Jones,issac.jones,issac.jones@email.com,https://robohash.org/errornatusest.png?size=300x300&set=set1,Agender,1978-05-06,"Lake Dennise,Noe Tunnel,86828 Champlin Flats,25136,Oklahoma,United States"
5630,Jason,Schneider,jason.schneider,jason.schneider@email.com,https://robohash.org/autidautem.png?size=300x300&set=set1,Genderqueer,1982-07-14,"Lake Lyn,Blick Estates,7116 Stoltenberg Street,45045,Alaska,United States"
4504,Sonia,Reinger,sonia.reinger,sonia.reinger@email.com,https://robohash.org/earumoptioquasi.png?size=300x300&set=set1,Bigender,1991-02-25,"Robertaburgh,Rashad Mountain,894 Rodrick Spurs,90983,Nebraska,United States"
5556,Henrietta,O'Kon,henrietta.o'kon,henrietta.o'kon@email.com,https://robohash.org/sitevenietperferendis.png?size=300x300&set=set1,Genderqueer,1967-08-16,"North Audrie,Karine Trail,448 Emil Street,08376,Vermont,United States"
4626,Malvina,McGlynn,malvina.mcglynn,malvina.mcglynn@email.com,https://robohash.org/nesciuntadipiscirerum.png?size=300x300&set=set1,Bigender,1960-07-29,"Collinville,Kelley Drive,3102 Eartha Bypass,78406-5627,Michigan,United States"
2145,Heidy,Torphy,heidy.torphy,heidy.torphy@email.com,https://robohash.org/etquiconsequuntur.png?size=300x300&set=set1,Bigender,1970-02-05,"North Shamikaton,Hauck Highway,87834 Schaden Mall,21565,Iowa,United States"
6418,Jewell,Dicki,jewell.dicki,jewell.dicki@email.com,https://robohash.org/autiustout.png?size=300x300&set=set1,Polygender,1965-07-01,"Williamsonbury,Steven Court,175 Kessler Mews,98248,Arizona,United States"
9590,Edward,Gleason,edward.gleason,edward.gleason@email.com,https://robohash.org/quisoptioomnis.png?size=300x300&set=set1,Bigender,1998-01-13,"Nikolausmouth,Raymon Mountains,455 Nathanial Mall,08867-9821,West Virginia,United States"
211,Melynda,Swift,melynda.swift,melynda.swift@email.com,https://robohash.org/cummagnidolore.png?size=300x300&set=set1,Male,2000-01-04,"Hodkiewiczshire,Dagmar Divide,691 Malka Throughway,56256,Missouri,United States"
7241,Merri,Bernier,merri.bernier,merri.bernier@email.com,https://robohash.org/inciduntautet.png?size=300x300&set=set1,Polygender,2004-05-13,"East Carly,Cami Bridge,4880 Luis Skyway,66603,South Dakota,United States"
5889,Raymond,Maggio,raymond.maggio,raymond.maggio@email.com,https://robohash.org/voluptatibusaliasiusto.png?size=300x300&set=set1,Genderqueer,1994-07-01,"New Jarodhaven,Hauck Wells,45216 Borer Gardens,01485-4932,Maine,United States"
615,Jamison,Swift,jamison.swift,jamison.swift@email.com,https://robohash.org/inventoreettemporibus.png?size=300x300&set=set1,Female,1993-05-22,"Scottieberg,Daugherty Ramp,4164 Lindgren Divide,93504,Michigan,United States"
2181,Deane,Cassin,deane.cassin,deane.cassin@email.com,https://robohash.org/suntassumendanostrum.png?size=300x300&set=set1,Genderfluid,1986-02-12,"Estefanatown,Christiansen Track,6011 Wisozk Island,32229,Iowa,United States"
1345,Eugenio,Rice,eugenio.rice,eugenio.rice@email.com,https://robohash.org/repudiandaeeasunt.png?size=300x300&set=set1,Genderqueer,1994-01-13,"West Guadalupe,West Courts,3832 Jay Burgs,06048-8706,Maine,United States"
3356,Ricky,Wunsch,ricky.wunsch,ricky.wunsch@email.com,https://robohash.org/quisperferendisquam.png?size=300x300&set=set1,Female,1958-04-12,"Braunmouth,Schroeder Islands,8854 Brett Flats,69474-3392,Wyoming,United States"
7727,Forest,O'Kon,forest.o'kon,forest.o'kon@email.com,https://robohash.org/laboriosamidcumque.png?size=300x300&set=set1,Female,1967-07-31,"New Andreville,Homenick Roads,490 Stokes Ways,67186,Maine,United States"
3046,Carrie,Dibbert,carrie.dibbert,carrie.dibbert@email.com,https://robohash.org/laboriosameta.png?size=300x300&set=set1,Female,1975-01-03,"Port Florenciobury,Mraz Crossroad,892 Arron Motorway,02034-9629,North Carolina,United States"
7343,Babara,Hartmann,babara.hartmann,babara.hartmann@email.com,https://robohash.org/laborerepellendusnisi.png?size=300x300&set=set1,Polygender,1974-07-30,"South Penniview,Swaniawski Shore,3039 Milan Summit,03700-2080,Minnesota,United States"
9457,Numbers,Shanahan,numbers.shanahan,numbers.shanahan@email.com,https://robohash.org/voluptatibusrationesimilique.png?size=300x300&set=set1,Male,1995-07-12,"Kochfort,Marvin Streets,5411 Renner Fields,08879,Maryland,United States"
469,Major,Skiles,major.skiles,major.skiles@email.com,https://robohash.org/quaeratautquisquam.png?size=300x300&set=set1,Genderqueer,1958-08-16,"Terimouth,Nestor Club,7581 Reuben Plaza,18608,Louisiana,United States"
7670,Kristal,Auer,kristal.auer,kristal.auer@email.com,https://robohash.org/utremeos.png?size=300x300&set=set1,Bigender,1975-03-21,"Port Sherman,Robel Prairie,59416 Cormier Gardens,26570,Rhode Island,United States"
8456,Nadene,Gusikowski,nadene.gusikowski,nadene.gusikowski@email.com,https://robohash.org/eaculpasit.png?size=300x300&set=set1,Non-binary,1962-05-25,"Port Genevieveshire,Carlene Loaf,41330 Simon Crescent,31140-3517,New Hampshire,United States"
9519,Caryl,Ledner,caryl.ledner,caryl.ledner@email.com,https://robohash.org/iustoerroripsa.png?size=300x300&set=set1,Female,1999-08-29,"Pagacmouth,Ross Drive,6799 Pollich Harbor,15339,Alabama,United States"
63,Lloyd,Lindgren,lloyd.lindgren,lloyd.lindgren@email.com,https://robohash.org/eosvoluptasat.png?size=300x300&set=set1,Genderqueer,1995-11-04,"West Luigiview,Hoppe Ferry,78535 Jeff Groves,07268-1254,Alabama,United States"
939,Arnoldo,Boehm,arnoldo.boehm,arnoldo.boehm@email.com,https://robohash.org/quiaoccaecatiquis.png?size=300x300&set=set1,Female,2003-08-03,"Muellerberg,Pollich Lodge,95738 Kim Ranch,10146,Kentucky,United States"
386,Myles,Harris,myles.harris,myles.harris@email.com,https://robohash.org/asperioresdolorumquia.png?size=300x300&set=set1,Genderfluid,1961-02-08,"Balistrerimouth,Beatty Ferry,88719 Romaguera Well,76070-3916,Massachusetts,United States"
9601,Carter,Bogan,carter.bogan,carter.bogan@email.com,https://robohash.org/autofficiisdolorem.png?size=300x300&set=set1,Genderqueer,1992-10-26,"Dickishire,Dusty Motorway,57580 Georgeann Mills,95785,Kentucky,United States"
5955,Valda,Larkin,valda.larkin,valda.larkin@email.com,https://robohash.org/excepturietvoluptates.png?size=300x300&set=set1,Genderfluid,1997-04-19,"West Randyburgh,Tony Manors,2386 Chuck Island,39669,Vermont,United States"
565,Annamaria,Ondricka,annamaria.ondricka,annamaria.ondricka@email.com,https://robohash.org/quisquamiuremollitia.png?size=300x300&set=set1,Genderfluid,1974-03-13,"Lanellbury,VonRueden Expressway,674 Hunter Stream,06950-0380,Nebraska,United States"
4685,Hollis,Jacobs,hollis.jacobs,hollis.jacobs@email.com,https://robohash.org/inciduntfugiatquia.png?size=300x300&set=set1,Male,2004-08-27,"North Alane,Delana Freeway,4735 Klein Rapids,38226-2624,Oklahoma,United States"
2920,Edward,Weissnat,edward.weissnat,edward.weissnat@email.com,https://robohash.org/laudantiumauterror.png?size=300x300&set=set1,Female,1960-09-18,"Gleasonland,Francisco Corners,8131 Wilbert Ville,94589,North Carolina,United States"
6918,Harland,Raynor,harland.raynor,harland.raynor@email.com,https://robohash.org/quoodionostrum.png?size=300x300&set=set1,Polygender,1996-05-18,"Nikoletown,Lubowitz Way,4490 Sheba Hills,54119-7936,Iowa,United States"
3326,Renetta,Haag,renetta.haag,renetta.haag@email.com,https://robohash.org/nostrumsedsunt.png?size=300x300&set=set1,Female,1961-01-26,"East Hyun,Douglas Corners,73243 Luigi Orchard,99780-3809,New Hampshire,United States"
2220,Zenaida,Schmeler,zenaida.schmeler,zenaida.schmeler@email.com,https://robohash.org/facereautquidem.png?size=300x300&set=set1,Bigender,1997-01-16,"East Willshire,Guy Pines,936 Rath Burg,41501,Missouri,United States"
4333,Davis,Botsford,davis.botsford,davis.botsford@email.com,https://robohash.org/undesitdeserunt.png?size=300x300&set=set1,Female,1991-10-06,"O'Keefetown,Ammie Oval,855 Feest Ranch,53223,Vermont,United States"
2539,Otha,Frami,otha.frami,otha.frami@email.com,https://robohash.org/molestiastemporibusnostrum.png?size=300x300&set=set1,Non-binary,1990-09-26,"Wenditown,Flatley Lock,710 Herzog Freeway,93427,South Carolina,United States"
3915,Lyda,Witting,lyda.witting,lyda.witting@email.com,https://robohash.org/voluptatequineque.png?size=300x300&set=set1,Male,1984-03-18,"Buddymouth,Ziemann Points,565 Ratke Shoals,64394-6392,Connecticut,United States"
8689,Jamar,Jakubowski,jamar.jakubowski,jamar.jakubowski@email.com,https://robohash.org/officiaminimarem.png?size=300x300&set=set1,Bigender,1961-11-25,"Lowefurt,Lashonda Throughway,52252 Howe Bypass,75751,Connecticut,United States"
7786,Loura,Stiedemann,loura.stiedemann,loura.stiedemann@email.com,https://robohash.org/expeditanihilenim.png?size=300x300&set=set1,Genderfluid,1981-01-20,"Ondrickachester,Odessa Wall,561 Eloy Throughway,93197-2504,Colorado,United States"
6472,Ruth,Parisian,ruth.parisian,ruth.parisian@email.com,https://robohash.org/suscipitquasiconsequatur.png?size=300x300&set=set1,Non-binary,1960-11-13,"Lamontport,Wonda Walks,4788 Rowe Shoals,99902-9542,Massachusetts,United States"
4292,Brooks,Larkin,brooks.larkin,brooks.larkin@email.com,https://robohash.org/utautqui.png?size=300x300&set=set1,Agender,1968-05-30,"Pourosmouth,Gleichner Highway,54407 Frami Spurs,71151,Massachusetts,United States"
6994,Tambra,Walker,tambra.walker,tambra.walker@email.com,https://robohash.org/laborenemoaut.png?size=300x300&set=set1,Bigender,1982-11-27,"Jacobberg,Kuhic Loaf,94479 Katrina Unions,49390,Vermont,United States"
2242,Agustin,Roob,agustin.roob,agustin.roob@email.com,https://robohash.org/siteafugiat.png?size=300x300&set=set1,Genderfluid,2001-10-07,"South Elenichester,Stefan Bypass,7762 Hyun Union,01754-2075,Missouri,United States"
3007,Dorathy,Doyle,dorathy.doyle,dorathy.doyle@email.com,https://robohash.org/autvoluptatemest.png?size=300x300&set=set1,Non-binary,1990-07-12,"North Melainestad,Williamson Manors,587 Cristen Motorway,61742,Minnesota,United States"
843,Mervin,Friesen,mervin.friesen,mervin.friesen@email.com,https://robohash.org/voluptatemplaceaterror.png?size=300x300&set=set1,Bigender,2002-07-04,"New Clotildeshire,Torp Trafficway,69735 Anthony Tunnel,08504,Alabama,United States"
7126,Ed,Abernathy,ed.abernathy,ed.abernathy@email.com,https://robohash.org/harumsequinobis.png?size=300x300&set=set1,Male,1973-02-02,"Berrybury,Kutch Crossing,76699 Jerde Gardens,94086-8963,Massachusetts,United States"
7541,Anika,Langworth,anika.langworth,anika.langworth@email.com,https://robohash.org/eosquodnemo.png?size=300x300&set=set1,Genderfluid,1958-05-18,"Wolffville,Bailey Springs,9344 Rippin Square,29373,Iowa,United States"
569,Deedee,Mayert,deedee.mayert,deedee.mayert@email.com,https://robohash.org/quiteneturfuga.png?size=300x300&set=set1,Polygender,1995-11-03,"South Richardstad,Francis Mission,4957 Dani Hollow,37146-3475,Delaware,United States"
4463,Hong,Anderson,hong.anderson,hong.anderson@email.com,https://robohash.org/rerumquitemporibus.png?size=300x300&set=set1,Female,1996-02-16,"Ryanberg,McKenzie Dale,5374 Loretta Mills,22239,Alabama,United States"
1300,Earle,Nienow,earle.nienow,earle.nienow@email.com,https://robohash.org/autemetdicta.png?size=300x300&set=set1,Male,1969-07-13,"South Arturostad,Johnson Rapids,2209 Johnson Knoll,22928,Vermont,United States"
1443,Aubrey,Gutkowski,aubrey.gutkowski,aubrey.gutkowski@email.com,https://robohash.org/facerenonveritatis.png?size=300x300&set=set1,Agender,1960-01-11,"Lake Jeffryhaven,Gustavo Stravenue,710 Brad Parkway,03499-0229,Wyoming,United States"
4391,Harvey,Corkery,harvey.corkery,harvey.corkery@email.com,https://robohash.org/eligendioditquis.png?size=300x300&set=set1,Female,1967-04-09,"Demetriceshire,Marvin Orchard,79986 Cronin Pass,93900,New Jersey,United States"
3831,Shirlene,Wilkinson,shirlene.wilkinson,shirlene.wilkinson@email.com,https://robohash.org/quoetperspiciatis.png?size=300x300&set=set1,Genderqueer,2003-02-16,"Port Billyport,Maudie Trace,758 Doyle Prairie,11990,Minnesota,United States"
1598,Christopher,Muller,christopher.muller,christopher.muller@email.com,https://robohash.org/nequedelenitiex.png?size=300x300&set=set1,Female,1985-07-06,"Lake Billy,Kenneth Estates,721 Albina Circle,48820-8484,Montana,United States"
7711,Exie,Fay,exie.fay,exie.fay@email.com,https://robohash.org/accusamusquivero.png?size=300x300&set=set1,Genderfluid,1989-06-06,"Marialand,Ondricka Estates,76856 Kirlin Manors,12008,South Carolina,United States"
8543,Karri,Altenwerth,karri.altenwerth,karri.altenwerth@email.com,https://robohash.org/maximesuscipitearum.png?size=300x300&set=set1,Genderqueer,1998-04-27,"East Darrell,Agnus Streets,964 Harris Causeway,78147,Ohio,United States"
2417,Gracie,Jacobs,gracie.jacobs,gracie.jacobs@email.com,https://robohash.org/quiquiseaque.png?size=300x300&set=set1,Non-binary,1977-03-09,"North Eddy,Ruecker Terrace,1561 Hilda Avenue,33198-9596,South Carolina,United States"
367,Shu,Wilkinson,shu.wilkinson,shu.wilkinson@email.com,https://robohash.org/etanimieos.png?size=300x300&set=set1,Male,1967-10-04,"New Diegochester,Runte Stravenue,4654 Schuppe Well,55291,Rhode Island,United States"
5866,Liberty,Langworth,liberty.langworth,liberty.langworth@email.com,https://robohash.org/nobisiustout.png?size=300x300&set=set1,Polygender,1993-07-01,"East Royal,Reichert Points,38506 Champlin Cove,45525,Utah,United States"
8451,Jewell,Kirlin,jewell.kirlin,jewell.kirlin@email.com,https://robohash.org/delectusutaperiam.png?size=300x300&set=set1,Agender,1967-05-13,"Kendrashire,Lindsey Circle,33411 Johnie Glen,16919,Kansas,United States"
1287,Randee,Adams,randee.adams,randee.adams@email.com,https://robohash.org/hicmodieos.png?size=300x300&set=set1,Female,1980-04-17,"Gibsonberg,Richie Street,687 Roberto Wells,65259,Alaska,United States"
1550,Lanny,Lowe,lanny.lowe,lanny.lowe@email.com,https://robohash.org/voluptasperferendiserror.png?size=300x300&set=set1,Female,1998-04-11,"New Joneton,Bartell Tunnel,987 Conroy Locks,15813,South Dakota,United States"
3098,Fransisca,Lubowitz,fransisca.lubowitz,fransisca.lubowitz@email.com,https://robohash.org/expeditautest.png?size=300x300&set=set1,Agender,1975-06-13,"Marianochester,Bergnaum Islands,5370 Paucek Landing,09367-7239,South Dakota,United States"
5588,Trinity,Ortiz,trinity.ortiz,trinity.ortiz@email.com,https://robohash.org/consequatursedut.png?size=300x300&set=set1,Polygender,1970-08-17,"South Shasta,Jacquiline Hills,463 Cristobal Burg,12746-5731,Maryland,United States"
7669,Milton,Weissnat,milton.weissnat,milton.weissnat@email.com,https://robohash.org/autvoluptatemet.png?size=300x300&set=set1,Female,1975-01-30,"Larkinland,Mitchell Dale,20289 Merrie Keys,89238,New Jersey,United States"
7664,Carroll,Lesch,carroll.lesch,carroll.lesch@email.com,https://robohash.org/essenullamaiores.png?size=300x300&set=set1,Female,1976-09-29,"Jamieside,Annis Valley,4186 Feeney Loaf,29640,Georgia,United States"
1698,Yvonne,Deckow,yvonne.deckow,yvonne.deckow@email.com,https://robohash.org/laudantiumetarchitecto.png?size=300x300&set=set1,Genderfluid,1993-08-15,"Harrisfurt,Alanna Prairie,87693 Stark Garden,65397-7301,Illinois,United States"
2764,Theresia,Von,theresia.von,theresia.von@email.com,https://robohash.org/velutat.png?size=300x300&set=set1,Male,1979-06-27,"Boyerhaven,Venice Causeway,783 Genaro Knoll,63831-2440,Arizona,United States"
7234,Rachel,Konopelski,rachel.konopelski,rachel.konopelski@email.com,https://robohash.org/autestnesciunt.png?size=300x300&set=set1,Female,1962-01-21,"Port Ranaville,Teisha Estates,2613 Shanahan Village,43432-5587,Connecticut,United States"
9076,Martin,Daugherty,martin.daugherty,martin.daugherty@email.com,https://robohash.org/autipsaconsequatur.png?size=300x300&set=set1,Polygender,1987-12-20,"Genarostad,Sherlene Trail,7865 Wiza Dam,48968,Michigan,United States"
324,Luann,Hahn,luann.hahn,luann.hahn@email.com,https://robohash.org/quioditofficia.png?size=300x300&set=set1,Bigender,1973-01-10,"Sumikofurt,Kub Square,3081 Elfreda Corner,87376,Michigan,United States"
